penalty,forward_inner_info,reverse_inner_info,forward_middle_info,reverse_middle_info,forward_outer_info,reverse_outer_info,floop_info,bloop_info,has_loop_primers
15.364771997473264,"{'position': 325, 'length': 23, 'penalty': 0.40257560031506046, 'TM': 61.59742439968494, 'sequence': 'GCAGCATTACTTTTGATACAAAC'}","{'position': 376, 'length': 23, 'penalty': 0.04673732438050138, 'TM': 61.9532626756195, 'sequence': 'GCATAGAAGTTTGGCTTGATATT'}","{'position': 246, 'length': 20, 'penalty': 0.1797239335041354, 'TM': 59.820276066495865, 'sequence': 'AAATTACGTCAACAAATGGC'}","{'position': 452, 'length': 22, 'penalty': 2.5294800837273215, 'TM': 59.47051991627268, 'sequence': 'GTTATCTGTATAACCAGTGACT'}","{'position': 191, 'length': 18, 'penalty': 2.225598107865437, 'TM': 60.22559810786544, 'sequence': 'AATTGGTGCAGTTCTTGG'}","{'position': 511, 'length': 20, 'penalty': 0.24866444665559584, 'TM': 59.751335553344404, 'sequence': 'TTTTTAACTGATTGTGCACG'}","{'position': 305, 'length': 19, 'penalty': 2.016659836914755, 'TM': 61.016659836914755, 'sequence': 'AGAACCATCTGGATTACGG'}","{'position': 394, 'length': 20, 'penalty': 0.767418301190844, 'TM': 60.767418301190844, 'sequence': 'CTCAAACATTGGCTGAAGAT'}",True
106.05623539190486,"{'position': 104, 'length': 23, 'penalty': 1.8514673233902954, 'TM': 63.851467323390295, 'sequence': 'ATTAGGTACTTTAATTGGCGCAG'}","{'position': 167, 'length': 23, 'penalty': 0.42009569497463417, 'TM': 62.420095694974634, 'sequence': 'GCTAGAGTTTGCACTTGATTTAG'}","{'position': 33, 'length': 20, 'penalty': 0.18185722474873955, 'TM': 59.81814277525126, 'sequence': 'GCAGCAGTAGTATTATCTGG'}","{'position': 243, 'length': 20, 'penalty': 0.029961278071255038, 'TM': 60.029961278071255, 'sequence': 'TCTCTTTCTGGTCAAGGTAT'}","{'position': 12, 'length': 20, 'penalty': 0.25289567596848883, 'TM': 60.25289567596849, 'sequence': 'GTTATTTCGACAGTGGTAGG'}","{'position': 305, 'length': 19, 'penalty': 2.016659836914755, 'TM': 61.016659836914755, 'sequence': 'AGAACCATCTGGATTACGG'}","{'position': 87, 'length': 20, 'penalty': 0.5450592656279696, 'TM': 60.54505926562797, 'sequence': 'CAACGCCACCAAGATTATTA'}","{'position': 191, 'length': 18, 'penalty': 2.225598107865437, 'TM': 60.22559810786544, 'sequence': 'AATTGGTGCAGTTCTTGG'}",True
110.80456814406706,"{'position': 382, 'length': 23, 'penalty': 0.5036567086801256, 'TM': 61.496343291319874, 'sequence': 'TAGACAAAGTAGCTCAAACATTG'}","{'position': 430, 'length': 23, 'penalty': 0.06989618088067573, 'TM': 61.930103819119324, 'sequence': 'AAAATAGCGCTCTTGTTATCTTC'}","{'position': 299, 'length': 20, 'penalty': 0.3393398491974722, 'TM': 59.66066015080253, 'sequence': 'TGGTTCTGTTCAATTGATCA'}","{'position': 511, 'length': 20, 'penalty': 0.24866444665559584, 'TM': 59.751335553344404, 'sequence': 'TTTTTAACTGATTGTGCACG'}","{'position': 246, 'length': 20, 'penalty': 0.1797239335041354, 'TM': 59.820276066495865, 'sequence': 'AAATTACGTCAACAAATGGC'}","{'position': 563, 'length': 20, 'penalty': 0.035382636919166544, 'TM': 60.03538263691917, 'sequence': 'ATAACCTTGTGCATCGATAC'}","{'position': 365, 'length': 20, 'penalty': 2.128837143907049, 'TM': 57.87116285609295, 'sequence': 'TGGCTTGATATTTGATTTGT'}","{'position': 452, 'length': 20, 'penalty': 0.4805497653509292, 'TM': 59.51945023464907, 'sequence': 'CACTGGTAATGACTCAATCA'}",True
111.3773079662558,"{'position': 492, 'length': 23, 'penalty': 0.5438582711884123, 'TM': 62.54385827118841, 'sequence': 'CGTGCACAATCAGTTAAAAACTA'}","{'position': 541, 'length': 22, 'penalty': 1.9515132223013438, 'TM': 62.951513222301344, 'sequence': 'CTAGATGAAAGGCCTTTACCAG'}","{'position': 414, 'length': 20, 'penalty': 0.18571229732094707, 'TM': 59.81428770267905, 'sequence': 'AACAAGAGCGCTATTTTAGT'}","{'position': 616, 'length': 18, 'penalty': 4.935832280296154, 'TM': 62.935832280296154, 'sequence': 'TTTTGTTCACGGCCAGAC'}","{'position': 357, 'length': 20, 'penalty': 0.8395874241988963, 'TM': 60.839587424198896, 'sequence': 'ATCAAGCCAAACTTCTATGC'}","{'position': 640, 'length': 20, 'penalty': 0.6165874477160855, 'TM': 59.383412552283914, 'sequence': 'TAGATGCTGATTTCTACACG'}","{'position': 471, 'length': 20, 'penalty': 0.4805497653509292, 'TM': 59.51945023464907, 'sequence': 'TGATTGAGTCATTACCAGTG'}","{'position': 558, 'length': 20, 'penalty': 0.11384227029924432, 'TM': 59.886157729700756, 'sequence': 'GGTTATGGTTCTTCTAACCC'}",True
111.63949826241148,"{'position': 127, 'length': 23, 'penalty': 0.9376779541484552, 'TM': 61.062322045851545, 'sequence': 'CAGCTGGTTATGGTATTTCTAAA'}","{'position': 178, 'length': 21, 'penalty': 2.84986562938559, 'TM': 62.84986562938559, 'sequence': 'TTGTTTTGACGGCTAGAGTTT'}","{'position': 33, 'length': 20, 'penalty': 0.18185722474873955, 'TM': 59.81814277525126, 'sequence': 'GCAGCAGTAGTATTATCTGG'}","{'position': 265, 'length': 20, 'penalty': 0.1797239335041354, 'TM': 59.820276066495865, 'sequence': 'GCCATTTGTTGACGTAATTT'}","{'position': 12, 'length': 20, 'penalty': 0.25289567596848883, 'TM': 60.25289567596849, 'sequence': 'GTTATTTCGACAGTGGTAGG'}","{'position': 318, 'length': 20, 'penalty': 0.3393398491974722, 'TM': 59.66066015080253, 'sequence': 'TGATCAATTGAACAGAACCA'}","{'position': 108, 'length': 20, 'penalty': 0.18086659112685766, 'TM': 60.18086659112686, 'sequence': 'CTAATGCGGCTTTATCGTAT'}","{'position': 210, 'length': 18, 'penalty': 4.218211286103326, 'TM': 62.218211286103326, 'sequence': 'GCTGCTGGTGGTGTATAC'}",True
112.59913819462687,"{'position': 104, 'length': 23, 'penalty': 1.8514673233902954, 'TM': 63.851467323390295, 'sequence': 'ATTAGGTACTTTAATTGGCGCAG'}","{'position': 178, 'length': 21, 'penalty': 2.84986562938559, 'TM': 62.84986562938559, 'sequence': 'TTGTTTTGACGGCTAGAGTTT'}","{'position': 33, 'length': 20, 'penalty': 0.18185722474873955, 'TM': 59.81814277525126, 'sequence': 'GCAGCAGTAGTATTATCTGG'}","{'position': 265, 'length': 20, 'penalty': 0.1797239335041354, 'TM': 59.820276066495865, 'sequence': 'GCCATTTGTTGACGTAATTT'}","{'position': 12, 'length': 20, 'penalty': 0.25289567596848883, 'TM': 60.25289567596849, 'sequence': 'GTTATTTCGACAGTGGTAGG'}","{'position': 318, 'length': 20, 'penalty': 0.3393398491974722, 'TM': 59.66066015080253, 'sequence': 'TGATCAATTGAACAGAACCA'}","{'position': 87, 'length': 20, 'penalty': 0.5450592656279696, 'TM': 60.54505926562797, 'sequence': 'CAACGCCACCAAGATTATTA'}","{'position': 210, 'length': 18, 'penalty': 4.218211286103326, 'TM': 62.218211286103326, 'sequence': 'GCTGCTGGTGGTGTATAC'}",True
117.37952951748863,"{'position': 480, 'length': 23, 'penalty': 2.0579609227510787, 'TM': 64.05796092275108, 'sequence': 'TTATCTCAATCACGTGCACAATC'}","{'position': 530, 'length': 23, 'penalty': 0.16977178397996795, 'TM': 61.83022821602003, 'sequence': 'GCCTTTACCAGCTAAATAGTTTT'}","{'position': 402, 'length': 20, 'penalty': 0.1864442024889854, 'TM': 59.813555797511015, 'sequence': 'TTGGCTGAAGATAACAAGAG'}","{'position': 616, 'length': 18, 'penalty': 4.935832280296154, 'TM': 62.935832280296154, 'sequence': 'TTTTGTTCACGGCCAGAC'}","{'position': 346, 'length': 20, 'penalty': 2.128837143907049, 'TM': 57.87116285609295, 'sequence': 'ACAAATCAAATATCAAGCCA'}","{'position': 640, 'length': 20, 'penalty': 0.6165874477160855, 'TM': 59.383412552283914, 'sequence': 'TAGATGCTGATTTCTACACG'}","{'position': 463, 'length': 20, 'penalty': 1.8394112855460207, 'TM': 58.16058871445398, 'sequence': 'TCATTACCAGTGTTATCTGT'}","{'position': 558, 'length': 20, 'penalty': 0.11384227029924432, 'TM': 59.886157729700756, 'sequence': 'GGTTATGGTTCTTCTAACCC'}",True
119.07021324573188,"{'position': 480, 'length': 23, 'penalty': 2.0579609227510787, 'TM': 64.05796092275108, 'sequence': 'TTATCTCAATCACGTGCACAATC'}","{'position': 541, 'length': 22, 'penalty': 1.9515132223013438, 'TM': 62.951513222301344, 'sequence': 'CTAGATGAAAGGCCTTTACCAG'}","{'position': 402, 'length': 20, 'penalty': 0.1864442024889854, 'TM': 59.813555797511015, 'sequence': 'TTGGCTGAAGATAACAAGAG'}","{'position': 616, 'length': 18, 'penalty': 4.935832280296154, 'TM': 62.935832280296154, 'sequence': 'TTTTGTTCACGGCCAGAC'}","{'position': 346, 'length': 20, 'penalty': 2.128837143907049, 'TM': 57.87116285609295, 'sequence': 'ACAAATCAAATATCAAGCCA'}","{'position': 640, 'length': 20, 'penalty': 0.6165874477160855, 'TM': 59.383412552283914, 'sequence': 'TAGATGCTGATTTCTACACG'}","{'position': 463, 'length': 20, 'penalty': 1.8394112855460207, 'TM': 58.16058871445398, 'sequence': 'TCATTACCAGTGTTATCTGT'}","{'position': 558, 'length': 20, 'penalty': 0.11384227029924432, 'TM': 59.886157729700756, 'sequence': 'GGTTATGGTTCTTCTAACCC'}",True
120.0508733129666,"{'position': 127, 'length': 23, 'penalty': 0.9376779541484552, 'TM': 61.062322045851545, 'sequence': 'CAGCTGGTTATGGTATTTCTAAA'}","{'position': 189, 'length': 20, 'penalty': 7.74056243413844, 'TM': 66.74056243413844, 'sequence': 'CTGCAGCACGGTTGTTTTGA'}","{'position': 33, 'length': 20, 'penalty': 0.18185722474873955, 'TM': 59.81814277525126, 'sequence': 'GCAGCAGTAGTATTATCTGG'}","{'position': 265, 'length': 20, 'penalty': 0.1797239335041354, 'TM': 59.820276066495865, 'sequence': 'GCCATTTGTTGACGTAATTT'}","{'position': 12, 'length': 20, 'penalty': 0.25289567596848883, 'TM': 60.25289567596849, 'sequence': 'GTTATTTCGACAGTGGTAGG'}","{'position': 318, 'length': 20, 'penalty': 0.3393398491974722, 'TM': 59.66066015080253, 'sequence': 'TGATCAATTGAACAGAACCA'}","{'position': 108, 'length': 20, 'penalty': 0.18086659112685766, 'TM': 60.18086659112686, 'sequence': 'CTAATGCGGCTTTATCGTAT'}","{'position': 210, 'length': 18, 'penalty': 4.218211286103326, 'TM': 62.218211286103326, 'sequence': 'GCTGCTGGTGGTGTATAC'}",True
120.48737112162456,"{'position': 104, 'length': 23, 'penalty': 1.8514673233902954, 'TM': 63.851467323390295, 'sequence': 'ATTAGGTACTTTAATTGGCGCAG'}","{'position': 189, 'length': 20, 'penalty': 7.74056243413844, 'TM': 66.74056243413844, 'sequence': 'CTGCAGCACGGTTGTTTTGA'}","{'position': 33, 'length': 20, 'penalty': 0.18185722474873955, 'TM': 59.81814277525126, 'sequence': 'GCAGCAGTAGTATTATCTGG'}","{'position': 265, 'length': 20, 'penalty': 0.1797239335041354, 'TM': 59.820276066495865, 'sequence': 'GCCATTTGTTGACGTAATTT'}","{'position': 12, 'length': 20, 'penalty': 0.25289567596848883, 'TM': 60.25289567596849, 'sequence': 'GTTATTTCGACAGTGGTAGG'}","{'position': 318, 'length': 20, 'penalty': 0.3393398491974722, 'TM': 59.66066015080253, 'sequence': 'TGATCAATTGAACAGAACCA'}","{'position': 87, 'length': 20, 'penalty': 0.5450592656279696, 'TM': 60.54505926562797, 'sequence': 'CAACGCCACCAAGATTATTA'}","{'position': 210, 'length': 18, 'penalty': 4.218211286103326, 'TM': 62.218211286103326, 'sequence': 'GCTGCTGGTGGTGTATAC'}",True
124.77378214847958,"{'position': 145, 'length': 23, 'penalty': 0.42009569497463417, 'TM': 62.420095694974634, 'sequence': 'CTAAATCAAGTGCAAACTCTAGC'}","{'position': 189, 'length': 20, 'penalty': 7.74056243413844, 'TM': 66.74056243413844, 'sequence': 'CTGCAGCACGGTTGTTTTGA'}","{'position': 68, 'length': 20, 'penalty': 0.5450592656279696, 'TM': 60.54505926562797, 'sequence': 'TAATAATCTTGGTGGCGTTG'}","{'position': 265, 'length': 20, 'penalty': 0.1797239335041354, 'TM': 59.820276066495865, 'sequence': 'GCCATTTGTTGACGTAATTT'}","{'position': 12, 'length': 20, 'penalty': 0.25289567596848883, 'TM': 60.25289567596849, 'sequence': 'GTTATTTCGACAGTGGTAGG'}","{'position': 318, 'length': 20, 'penalty': 0.3393398491974722, 'TM': 59.66066015080253, 'sequence': 'TGATCAATTGAACAGAACCA'}","{'position': 126, 'length': 19, 'penalty': 2.3646438330114847, 'TM': 61.364643833011485, 'sequence': 'CTGCGCCAATTAAAGTACC'}","{'position': 210, 'length': 18, 'penalty': 4.218211286103326, 'TM': 62.218211286103326, 'sequence': 'GCTGCTGGTGGTGTATAC'}",True
127.24896311020886,"{'position': 492, 'length': 23, 'penalty': 0.5438582711884123, 'TM': 62.54385827118841, 'sequence': 'CGTGCACAATCAGTTAAAAACTA'}","{'position': 552, 'length': 21, 'penalty': 2.125572950998105, 'TM': 62.125572950998105, 'sequence': 'CATCGATACGGCTAGATGAAA'}","{'position': 414, 'length': 20, 'penalty': 0.18571229732094707, 'TM': 59.81428770267905, 'sequence': 'AACAAGAGCGCTATTTTAGT'}","{'position': 631, 'length': 19, 'penalty': 3.4623599661643425, 'TM': 62.46235996616434, 'sequence': 'ATTTCTACACGGCGGTTTT'}","{'position': 357, 'length': 20, 'penalty': 0.8395874241988963, 'TM': 60.839587424198896, 'sequence': 'ATCAAGCCAAACTTCTATGC'}","{'position': 653, 'length': 19, 'penalty': 7.91675692070811, 'TM': 53.08324307929189, 'sequence': 'TTATTGTTTTGCATAGATG'}","{'position': 471, 'length': 20, 'penalty': 0.4805497653509292, 'TM': 59.51945023464907, 'sequence': 'TGATTGAGTCATTACCAGTG'}","{'position': 568, 'length': 18, 'penalty': 3.9561050800190856, 'TM': 61.956105080019086, 'sequence': 'CTTCTAACCCGATCGCAG'}",True
130.769755980636,"{'position': 286, 'length': 20, 'penalty': 5.361212481387554, 'TM': 64.36121248138755, 'sequence': 'GCCGTAATCCAGATGGTTCT'}","{'position': 328, 'length': 22, 'penalty': 5.345827685699021, 'TM': 66.34582768569902, 'sequence': 'CTGCCAGGCATGATCAATTGAA'}","{'position': 210, 'length': 18, 'penalty': 4.218211286103326, 'TM': 62.218211286103326, 'sequence': 'GCTGCTGGTGGTGTATAC'}","{'position': 421, 'length': 20, 'penalty': 0.1864442024889854, 'TM': 59.813555797511015, 'sequence': 'CTCTTGTTATCTTCAGCCAA'}","{'position': 158, 'length': 19, 'penalty': 1.1638067615456293, 'TM': 60.16380676154563, 'sequence': 'AAACTCTAGCCGTCAAAAC'}","{'position': 471, 'length': 20, 'penalty': 0.4805497653509292, 'TM': 59.51945023464907, 'sequence': 'TGATTGAGTCATTACCAGTG'}","{'position': 265, 'length': 20, 'penalty': 0.1797239335041354, 'TM': 59.820276066495865, 'sequence': 'GCCATTTGTTGACGTAATTT'}","{'position': 357, 'length': 20, 'penalty': 0.8395874241988963, 'TM': 60.839587424198896, 'sequence': 'ATCAAGCCAAACTTCTATGC'}",True
133.94126337860442,"{'position': 480, 'length': 23, 'penalty': 2.0579609227510787, 'TM': 64.05796092275108, 'sequence': 'TTATCTCAATCACGTGCACAATC'}","{'position': 552, 'length': 21, 'penalty': 2.125572950998105, 'TM': 62.125572950998105, 'sequence': 'CATCGATACGGCTAGATGAAA'}","{'position': 402, 'length': 20, 'penalty': 0.1864442024889854, 'TM': 59.813555797511015, 'sequence': 'TTGGCTGAAGATAACAAGAG'}","{'position': 631, 'length': 19, 'penalty': 3.4623599661643425, 'TM': 62.46235996616434, 'sequence': 'ATTTCTACACGGCGGTTTT'}","{'position': 346, 'length': 20, 'penalty': 2.128837143907049, 'TM': 57.87116285609295, 'sequence': 'ACAAATCAAATATCAAGCCA'}","{'position': 653, 'length': 19, 'penalty': 7.91675692070811, 'TM': 53.08324307929189, 'sequence': 'TTATTGTTTTGCATAGATG'}","{'position': 463, 'length': 20, 'penalty': 1.8394112855460207, 'TM': 58.16058871445398, 'sequence': 'TCATTACCAGTGTTATCTGT'}","{'position': 568, 'length': 18, 'penalty': 3.9561050800190856, 'TM': 61.956105080019086, 'sequence': 'CTTCTAACCCGATCGCAG'}",True
205.80682970333612,"{'position': 94, 'length': 23, 'penalty': 0.4877926598044269, 'TM': 62.48779265980443, 'sequence': 'ATAAAGCCGCATTAGGTACTTTA'}","{'position': 167, 'length': 23, 'penalty': 0.42009569497463417, 'TM': 62.420095694974634, 'sequence': 'GCTAGAGTTTGCACTTGATTTAG'}","{'position': 33, 'length': 20, 'penalty': 0.18185722474873955, 'TM': 59.81814277525126, 'sequence': 'GCAGCAGTAGTATTATCTGG'}","{'position': 243, 'length': 20, 'penalty': 0.029961278071255038, 'TM': 60.029961278071255, 'sequence': 'TCTCTTTCTGGTCAAGGTAT'}","{'position': 12, 'length': 20, 'penalty': 0.25289567596848883, 'TM': 60.25289567596849, 'sequence': 'GTTATTTCGACAGTGGTAGG'}","{'position': 305, 'length': 19, 'penalty': 2.016659836914755, 'TM': 61.016659836914755, 'sequence': 'AGAACCATCTGGATTACGG'}","{'position': 87, 'length': 20, 'penalty': 0.5450592656279696, 'TM': 60.54505926562797, 'sequence': 'CAACGCCACCAAGATTATTA'}","{'position': 191, 'length': 18, 'penalty': 2.225598107865437, 'TM': 60.22559810786544, 'sequence': 'AATTGGTGCAGTTCTTGG'}",True
207.3262948319868,"{'position': 94, 'length': 23, 'penalty': 0.4877926598044269, 'TM': 62.48779265980443, 'sequence': 'ATAAAGCCGCATTAGGTACTTTA'}","{'position': 149, 'length': 23, 'penalty': 0.9376779541484552, 'TM': 61.062322045851545, 'sequence': 'TTTAGAAATACCATAACCAGCTG'}","{'position': 33, 'length': 20, 'penalty': 0.18185722474873955, 'TM': 59.81814277525126, 'sequence': 'GCAGCAGTAGTATTATCTGG'}","{'position': 243, 'length': 20, 'penalty': 0.029961278071255038, 'TM': 60.029961278071255, 'sequence': 'TCTCTTTCTGGTCAAGGTAT'}","{'position': 12, 'length': 20, 'penalty': 0.25289567596848883, 'TM': 60.25289567596849, 'sequence': 'GTTATTTCGACAGTGGTAGG'}","{'position': 305, 'length': 19, 'penalty': 2.016659836914755, 'TM': 61.016659836914755, 'sequence': 'AGAACCATCTGGATTACGG'}","{'position': 87, 'length': 20, 'penalty': 0.5450592656279696, 'TM': 60.54505926562797, 'sequence': 'CAACGCCACCAAGATTATTA'}","{'position': 191, 'length': 18, 'penalty': 2.225598107865437, 'TM': 60.22559810786544, 'sequence': 'AATTGGTGCAGTTCTTGG'}",True
213.11636322987803,"{'position': 94, 'length': 23, 'penalty': 0.4877926598044269, 'TM': 62.48779265980443, 'sequence': 'ATAAAGCCGCATTAGGTACTTTA'}","{'position': 178, 'length': 21, 'penalty': 2.84986562938559, 'TM': 62.84986562938559, 'sequence': 'TTGTTTTGACGGCTAGAGTTT'}","{'position': 33, 'length': 20, 'penalty': 0.18185722474873955, 'TM': 59.81814277525126, 'sequence': 'GCAGCAGTAGTATTATCTGG'}","{'position': 265, 'length': 20, 'penalty': 0.1797239335041354, 'TM': 59.820276066495865, 'sequence': 'GCCATTTGTTGACGTAATTT'}","{'position': 12, 'length': 20, 'penalty': 0.25289567596848883, 'TM': 60.25289567596849, 'sequence': 'GTTATTTCGACAGTGGTAGG'}","{'position': 318, 'length': 20, 'penalty': 0.3393398491974722, 'TM': 59.66066015080253, 'sequence': 'TGATCAATTGAACAGAACCA'}","{'position': 87, 'length': 20, 'penalty': 0.5450592656279696, 'TM': 60.54505926562797, 'sequence': 'CAACGCCACCAAGATTATTA'}","{'position': 210, 'length': 18, 'penalty': 4.218211286103326, 'TM': 62.218211286103326, 'sequence': 'GCTGCTGGTGGTGTATAC'}",True
222.48652766744488,"{'position': 508, 'length': 23, 'penalty': 0.16977178397996795, 'TM': 61.83022821602003, 'sequence': 'AAAACTATTTAGCTGGTAAAGGC'}","{'position': 564, 'length': 21, 'penalty': 2.5067268675002765, 'TM': 61.49327313249972, 'sequence': 'CATAACCTTGTGCATCGATAC'}","{'position': 422, 'length': 20, 'penalty': 0.18085046874887212, 'TM': 60.18085046874887, 'sequence': 'CGCTATTTTAGTCACTGGTT'}","{'position': 631, 'length': 19, 'penalty': 3.4623599661643425, 'TM': 62.46235996616434, 'sequence': 'ATTTCTACACGGCGGTTTT'}","{'position': 367, 'length': 21, 'penalty': 1.6520797447355449, 'TM': 59.347920255264455, 'sequence': 'ACTTCTATGCAACTTTAGACA'}","{'position': 653, 'length': 19, 'penalty': 7.91675692070811, 'TM': 53.08324307929189, 'sequence': 'TTATTGTTTTGCATAGATG'}","{'position': 479, 'length': 20, 'penalty': 0.5445855992378483, 'TM': 60.54458559923785, 'sequence': 'CGGAATGTTGATTGAGTCAT'}","{'position': 585, 'length': 19, 'penalty': 1.387874470449276, 'TM': 60.387874470449276, 'sequence': 'GATAACTCAACTGCGTCTG'}",True
222.55368292259504,"{'position': 94, 'length': 23, 'penalty': 0.4877926598044269, 'TM': 62.48779265980443, 'sequence': 'ATAAAGCCGCATTAGGTACTTTA'}","{'position': 189, 'length': 20, 'penalty': 7.74056243413844, 'TM': 66.74056243413844, 'sequence': 'CTGCAGCACGGTTGTTTTGA'}","{'position': 33, 'length': 20, 'penalty': 0.18185722474873955, 'TM': 59.81814277525126, 'sequence': 'GCAGCAGTAGTATTATCTGG'}","{'position': 265, 'length': 20, 'penalty': 0.1797239335041354, 'TM': 59.820276066495865, 'sequence': 'GCCATTTGTTGACGTAATTT'}","{'position': 12, 'length': 20, 'penalty': 0.25289567596848883, 'TM': 60.25289567596849, 'sequence': 'GTTATTTCGACAGTGGTAGG'}","{'position': 318, 'length': 20, 'penalty': 0.3393398491974722, 'TM': 59.66066015080253, 'sequence': 'TGATCAATTGAACAGAACCA'}","{'position': 87, 'length': 20, 'penalty': 0.5450592656279696, 'TM': 60.54505926562797, 'sequence': 'CAACGCCACCAAGATTATTA'}","{'position': 210, 'length': 18, 'penalty': 4.218211286103326, 'TM': 62.218211286103326, 'sequence': 'GCTGCTGGTGGTGTATAC'}",True
224.1974173433636,"{'position': 508, 'length': 23, 'penalty': 0.16977178397996795, 'TM': 61.83022821602003, 'sequence': 'AAAACTATTTAGCTGGTAAAGGC'}","{'position': 552, 'length': 21, 'penalty': 2.125572950998105, 'TM': 62.125572950998105, 'sequence': 'CATCGATACGGCTAGATGAAA'}","{'position': 422, 'length': 20, 'penalty': 0.18085046874887212, 'TM': 60.18085046874887, 'sequence': 'CGCTATTTTAGTCACTGGTT'}","{'position': 631, 'length': 19, 'penalty': 3.4623599661643425, 'TM': 62.46235996616434, 'sequence': 'ATTTCTACACGGCGGTTTT'}","{'position': 367, 'length': 21, 'penalty': 1.6520797447355449, 'TM': 59.347920255264455, 'sequence': 'ACTTCTATGCAACTTTAGACA'}","{'position': 653, 'length': 19, 'penalty': 7.91675692070811, 'TM': 53.08324307929189, 'sequence': 'TTATTGTTTTGCATAGATG'}","{'position': 479, 'length': 20, 'penalty': 0.5445855992378483, 'TM': 60.54458559923785, 'sequence': 'CGGAATGTTGATTGAGTCAT'}","{'position': 568, 'length': 18, 'penalty': 3.9561050800190856, 'TM': 61.956105080019086, 'sequence': 'CTTCTAACCCGATCGCAG'}",True
226.7175025997092,"{'position': 492, 'length': 23, 'penalty': 0.5438582711884123, 'TM': 62.54385827118841, 'sequence': 'CGTGCACAATCAGTTAAAAACTA'}","{'position': 564, 'length': 21, 'penalty': 2.5067268675002765, 'TM': 61.49327313249972, 'sequence': 'CATAACCTTGTGCATCGATAC'}","{'position': 414, 'length': 20, 'penalty': 0.18571229732094707, 'TM': 59.81428770267905, 'sequence': 'AACAAGAGCGCTATTTTAGT'}","{'position': 631, 'length': 19, 'penalty': 3.4623599661643425, 'TM': 62.46235996616434, 'sequence': 'ATTTCTACACGGCGGTTTT'}","{'position': 357, 'length': 20, 'penalty': 0.8395874241988963, 'TM': 60.839587424198896, 'sequence': 'ATCAAGCCAAACTTCTATGC'}","{'position': 653, 'length': 19, 'penalty': 7.91675692070811, 'TM': 53.08324307929189, 'sequence': 'TTATTGTTTTGCATAGATG'}","{'position': 471, 'length': 20, 'penalty': 0.4805497653509292, 'TM': 59.51945023464907, 'sequence': 'TGATTGAGTCATTACCAGTG'}","{'position': 585, 'length': 19, 'penalty': 1.387874470449276, 'TM': 60.387874470449276, 'sequence': 'GATAACTCAACTGCGTCTG'}",True
227.80658013326172,"{'position': 85, 'length': 22, 'penalty': 2.5249815710093912, 'TM': 63.52498157100939, 'sequence': 'TTGAATACGATAAAGCCGCATT'}","{'position': 167, 'length': 23, 'penalty': 0.42009569497463417, 'TM': 62.420095694974634, 'sequence': 'GCTAGAGTTTGCACTTGATTTAG'}","{'position': 25, 'length': 20, 'penalty': 6.883523382707267, 'TM': 66.88352338270727, 'sequence': 'TGGTAGGGGCAGCAGTAGTA'}","{'position': 243, 'length': 20, 'penalty': 0.029961278071255038, 'TM': 60.029961278071255, 'sequence': 'TCTCTTTCTGGTCAAGGTAT'}","{'position': 3, 'length': 20, 'penalty': 0.5225986276932417, 'TM': 59.47740137230676, 'sequence': 'CGTGCATTAGTTATTTCGAC'}","{'position': 305, 'length': 19, 'penalty': 2.016659836914755, 'TM': 61.016659836914755, 'sequence': 'AGAACCATCTGGATTACGG'}","{'position': 79, 'length': 20, 'penalty': 2.711926445577433, 'TM': 57.28807355442257, 'sequence': 'CCAAGATTATTACCAGTTGT'}","{'position': 191, 'length': 18, 'penalty': 2.225598107865437, 'TM': 60.22559810786544, 'sequence': 'AATTGGTGCAGTTCTTGG'}",True
228.89036839561325,"{'position': 85, 'length': 22, 'penalty': 2.5249815710093912, 'TM': 63.52498157100939, 'sequence': 'TTGAATACGATAAAGCCGCATT'}","{'position': 149, 'length': 23, 'penalty': 0.9376779541484552, 'TM': 61.062322045851545, 'sequence': 'TTTAGAAATACCATAACCAGCTG'}","{'position': 25, 'length': 20, 'penalty': 6.883523382707267, 'TM': 66.88352338270727, 'sequence': 'TGGTAGGGGCAGCAGTAGTA'}","{'position': 243, 'length': 20, 'penalty': 0.029961278071255038, 'TM': 60.029961278071255, 'sequence': 'TCTCTTTCTGGTCAAGGTAT'}","{'position': 3, 'length': 20, 'penalty': 0.5225986276932417, 'TM': 59.47740137230676, 'sequence': 'CGTGCATTAGTTATTTCGAC'}","{'position': 305, 'length': 19, 'penalty': 2.016659836914755, 'TM': 61.016659836914755, 'sequence': 'AGAACCATCTGGATTACGG'}","{'position': 79, 'length': 20, 'penalty': 2.711926445577433, 'TM': 57.28807355442257, 'sequence': 'CCAAGATTATTACCAGTTGT'}","{'position': 191, 'length': 18, 'penalty': 2.225598107865437, 'TM': 60.22559810786544, 'sequence': 'AATTGGTGCAGTTCTTGG'}",True
233.7759181046312,"{'position': 480, 'length': 23, 'penalty': 2.0579609227510787, 'TM': 64.05796092275108, 'sequence': 'TTATCTCAATCACGTGCACAATC'}","{'position': 564, 'length': 21, 'penalty': 2.5067268675002765, 'TM': 61.49327313249972, 'sequence': 'CATAACCTTGTGCATCGATAC'}","{'position': 402, 'length': 20, 'penalty': 0.1864442024889854, 'TM': 59.813555797511015, 'sequence': 'TTGGCTGAAGATAACAAGAG'}","{'position': 631, 'length': 19, 'penalty': 3.4623599661643425, 'TM': 62.46235996616434, 'sequence': 'ATTTCTACACGGCGGTTTT'}","{'position': 346, 'length': 20, 'penalty': 2.128837143907049, 'TM': 57.87116285609295, 'sequence': 'ACAAATCAAATATCAAGCCA'}","{'position': 653, 'length': 19, 'penalty': 7.91675692070811, 'TM': 53.08324307929189, 'sequence': 'TTATTGTTTTGCATAGATG'}","{'position': 463, 'length': 20, 'penalty': 1.8394112855460207, 'TM': 58.16058871445398, 'sequence': 'TCATTACCAGTGTTATCTGT'}","{'position': 585, 'length': 19, 'penalty': 1.387874470449276, 'TM': 60.387874470449276, 'sequence': 'GATAACTCAACTGCGTCTG'}",True
234.9728117930088,"{'position': 85, 'length': 22, 'penalty': 2.5249815710093912, 'TM': 63.52498157100939, 'sequence': 'TTGAATACGATAAAGCCGCATT'}","{'position': 178, 'length': 21, 'penalty': 2.84986562938559, 'TM': 62.84986562938559, 'sequence': 'TTGTTTTGACGGCTAGAGTTT'}","{'position': 25, 'length': 20, 'penalty': 6.883523382707267, 'TM': 66.88352338270727, 'sequence': 'TGGTAGGGGCAGCAGTAGTA'}","{'position': 265, 'length': 20, 'penalty': 0.1797239335041354, 'TM': 59.820276066495865, 'sequence': 'GCCATTTGTTGACGTAATTT'}","{'position': 3, 'length': 20, 'penalty': 0.5225986276932417, 'TM': 59.47740137230676, 'sequence': 'CGTGCATTAGTTATTTCGAC'}","{'position': 318, 'length': 20, 'penalty': 0.3393398491974722, 'TM': 59.66066015080253, 'sequence': 'TGATCAATTGAACAGAACCA'}","{'position': 79, 'length': 20, 'penalty': 2.711926445577433, 'TM': 57.28807355442257, 'sequence': 'CCAAGATTATTACCAGTTGT'}","{'position': 210, 'length': 18, 'penalty': 4.218211286103326, 'TM': 62.218211286103326, 'sequence': 'GCTGCTGGTGGTGTATAC'}",True
243.98347820091612,"{'position': 85, 'length': 22, 'penalty': 2.5249815710093912, 'TM': 63.52498157100939, 'sequence': 'TTGAATACGATAAAGCCGCATT'}","{'position': 189, 'length': 20, 'penalty': 7.74056243413844, 'TM': 66.74056243413844, 'sequence': 'CTGCAGCACGGTTGTTTTGA'}","{'position': 25, 'length': 20, 'penalty': 6.883523382707267, 'TM': 66.88352338270727, 'sequence': 'TGGTAGGGGCAGCAGTAGTA'}","{'position': 265, 'length': 20, 'penalty': 0.1797239335041354, 'TM': 59.820276066495865, 'sequence': 'GCCATTTGTTGACGTAATTT'}","{'position': 3, 'length': 20, 'penalty': 0.5225986276932417, 'TM': 59.47740137230676, 'sequence': 'CGTGCATTAGTTATTTCGAC'}","{'position': 318, 'length': 20, 'penalty': 0.3393398491974722, 'TM': 59.66066015080253, 'sequence': 'TGATCAATTGAACAGAACCA'}","{'position': 79, 'length': 20, 'penalty': 2.711926445577433, 'TM': 57.28807355442257, 'sequence': 'CCAAGATTATTACCAGTTGT'}","{'position': 210, 'length': 18, 'penalty': 4.218211286103326, 'TM': 62.218211286103326, 'sequence': 'GCTGCTGGTGGTGTATAC'}",True
320.5429411038261,"{'position': 508, 'length': 23, 'penalty': 0.16977178397996795, 'TM': 61.83022821602003, 'sequence': 'AAAACTATTTAGCTGGTAAAGGC'}","{'position': 575, 'length': 23, 'penalty': 0.18859929990867386, 'TM': 61.811400700091326, 'sequence': 'GTTAGAAGAACCATAACCTTGTG'}","{'position': 422, 'length': 20, 'penalty': 0.18085046874887212, 'TM': 60.18085046874887, 'sequence': 'CGCTATTTTAGTCACTGGTT'}","{'position': 631, 'length': 19, 'penalty': 3.4623599661643425, 'TM': 62.46235996616434, 'sequence': 'ATTTCTACACGGCGGTTTT'}","{'position': 367, 'length': 21, 'penalty': 1.6520797447355449, 'TM': 59.347920255264455, 'sequence': 'ACTTCTATGCAACTTTAGACA'}","{'position': 653, 'length': 19, 'penalty': 7.91675692070811, 'TM': 53.08324307929189, 'sequence': 'TTATTGTTTTGCATAGATG'}","{'position': 479, 'length': 20, 'penalty': 0.5445855992378483, 'TM': 60.54458559923785, 'sequence': 'CGGAATGTTGATTGAGTCAT'}","{'position': 585, 'length': 19, 'penalty': 1.387874470449276, 'TM': 60.387874470449276, 'sequence': 'GATAACTCAACTGCGTCTG'}",True
322.51924738949447,"{'position': 520, 'length': 22, 'penalty': 1.9515132223013438, 'TM': 62.951513222301344, 'sequence': 'CTGGTAAAGGCCTTTCATCTAG'}","{'position': 575, 'length': 23, 'penalty': 0.18859929990867386, 'TM': 61.811400700091326, 'sequence': 'GTTAGAAGAACCATAACCTTGTG'}","{'position': 444, 'length': 20, 'penalty': 1.8394112855460207, 'TM': 58.16058871445398, 'sequence': 'ACAGATAACACTGGTAATGA'}","{'position': 631, 'length': 19, 'penalty': 3.4623599661643425, 'TM': 62.46235996616434, 'sequence': 'ATTTCTACACGGCGGTTTT'}","{'position': 394, 'length': 20, 'penalty': 0.767418301190844, 'TM': 60.767418301190844, 'sequence': 'CTCAAACATTGGCTGAAGAT'}","{'position': 653, 'length': 19, 'penalty': 7.91675692070811, 'TM': 53.08324307929189, 'sequence': 'TTATTGTTTTGCATAGATG'}","{'position': 501, 'length': 18, 'penalty': 2.3833341357793643, 'TM': 60.383334135779364, 'sequence': 'ATTGTGCACGTGATTGAG'}","{'position': 585, 'length': 19, 'penalty': 1.387874470449276, 'TM': 60.387874470449276, 'sequence': 'GATAACTCAACTGCGTCTG'}",True
325.0693709710192,"{'position': 520, 'length': 22, 'penalty': 1.9515132223013438, 'TM': 62.951513222301344, 'sequence': 'CTGGTAAAGGCCTTTCATCTAG'}","{'position': 564, 'length': 21, 'penalty': 2.5067268675002765, 'TM': 61.49327313249972, 'sequence': 'CATAACCTTGTGCATCGATAC'}","{'position': 444, 'length': 20, 'penalty': 1.8394112855460207, 'TM': 58.16058871445398, 'sequence': 'ACAGATAACACTGGTAATGA'}","{'position': 631, 'length': 19, 'penalty': 3.4623599661643425, 'TM': 62.46235996616434, 'sequence': 'ATTTCTACACGGCGGTTTT'}","{'position': 394, 'length': 20, 'penalty': 0.767418301190844, 'TM': 60.767418301190844, 'sequence': 'CTCAAACATTGGCTGAAGAT'}","{'position': 653, 'length': 19, 'penalty': 7.91675692070811, 'TM': 53.08324307929189, 'sequence': 'TTATTGTTTTGCATAGATG'}","{'position': 501, 'length': 18, 'penalty': 2.3833341357793643, 'TM': 60.383334135779364, 'sequence': 'ATTGTGCACGTGATTGAG'}","{'position': 585, 'length': 19, 'penalty': 1.387874470449276, 'TM': 60.387874470449276, 'sequence': 'GATAACTCAACTGCGTCTG'}",True
325.1275717990912,"{'position': 492, 'length': 23, 'penalty': 0.5438582711884123, 'TM': 62.54385827118841, 'sequence': 'CGTGCACAATCAGTTAAAAACTA'}","{'position': 575, 'length': 23, 'penalty': 0.18859929990867386, 'TM': 61.811400700091326, 'sequence': 'GTTAGAAGAACCATAACCTTGTG'}","{'position': 414, 'length': 20, 'penalty': 0.18571229732094707, 'TM': 59.81428770267905, 'sequence': 'AACAAGAGCGCTATTTTAGT'}","{'position': 631, 'length': 19, 'penalty': 3.4623599661643425, 'TM': 62.46235996616434, 'sequence': 'ATTTCTACACGGCGGTTTT'}","{'position': 357, 'length': 20, 'penalty': 0.8395874241988963, 'TM': 60.839587424198896, 'sequence': 'ATCAAGCCAAACTTCTATGC'}","{'position': 653, 'length': 19, 'penalty': 7.91675692070811, 'TM': 53.08324307929189, 'sequence': 'TTATTGTTTTGCATAGATG'}","{'position': 471, 'length': 20, 'penalty': 0.4805497653509292, 'TM': 59.51945023464907, 'sequence': 'TGATTGAGTCATTACCAGTG'}","{'position': 585, 'length': 19, 'penalty': 1.387874470449276, 'TM': 60.387874470449276, 'sequence': 'GATAACTCAACTGCGTCTG'}",True
332.49073514647506,"{'position': 480, 'length': 23, 'penalty': 2.0579609227510787, 'TM': 64.05796092275108, 'sequence': 'TTATCTCAATCACGTGCACAATC'}","{'position': 575, 'length': 23, 'penalty': 0.18859929990867386, 'TM': 61.811400700091326, 'sequence': 'GTTAGAAGAACCATAACCTTGTG'}","{'position': 402, 'length': 20, 'penalty': 0.1864442024889854, 'TM': 59.813555797511015, 'sequence': 'TTGGCTGAAGATAACAAGAG'}","{'position': 631, 'length': 19, 'penalty': 3.4623599661643425, 'TM': 62.46235996616434, 'sequence': 'ATTTCTACACGGCGGTTTT'}","{'position': 346, 'length': 20, 'penalty': 2.128837143907049, 'TM': 57.87116285609295, 'sequence': 'ACAAATCAAATATCAAGCCA'}","{'position': 653, 'length': 19, 'penalty': 7.91675692070811, 'TM': 53.08324307929189, 'sequence': 'TTATTGTTTTGCATAGATG'}","{'position': 463, 'length': 20, 'penalty': 1.8394112855460207, 'TM': 58.16058871445398, 'sequence': 'TCATTACCAGTGTTATCTGT'}","{'position': 585, 'length': 19, 'penalty': 1.387874470449276, 'TM': 60.387874470449276, 'sequence': 'GATAACTCAACTGCGTCTG'}",True
