lamp_id,score,dimer_score,F3_sequence,F3_gc,F3_tm,F3_delta_g_5p,F3_delta_g_3p,F3_hairpin,F3_gc_score,F3_tm_score,F3_delta_g_score,F3_hairpin_score,F2_sequence,F2_gc,F2_tm,F2_delta_g_5p,F2_delta_g_3p,F2_hairpin,F2_gc_score,F2_tm_score,F2_delta_g_score,F2_hairpin_score,F1c_sequence,F1c_gc,F1c_tm,F1c_delta_g_5p,F1c_delta_g_3p,F1c_hairpin,F1c_gc_score,F1c_tm_score,F1c_delta_g_score,F1c_hairpin_score,B1c_sequence,B1c_gc,B1c_tm,B1c_delta_g_5p,B1c_delta_g_3p,B1c_hairpin,B1c_gc_score,B1c_tm_score,B1c_delta_g_score,B1c_hairpin_score,B2_sequence,B2_gc,B2_tm,B2_delta_g_5p,B2_delta_g_3p,B2_hairpin,B2_gc_score,B2_tm_score,B2_delta_g_score,B2_hairpin_score,B3_sequence,B3_gc,B3_tm,B3_delta_g_5p,B3_delta_g_3p,B3_hairpin,B3_gc_score,B3_tm_score,B3_delta_g_score,B3_hairpin_score,distance_F2_to_B2_end,distance_F2_to_F1,distance_F2_to_F3,distance_B2_to_B1,distance_B2_to_B3
Group_10,0.23,0.67,GTTATTTCGACAGTGGTAGG,45.0,54.99,-3.95,-6.25,"(False, 0.0)",0.7,0.36,1,1.0,GCAGCAGTAGTATTATCTGG,45.0,54.53,-8.29,-6.25,"(False, 0.0)",0.7,0.2,1,1.0,ATTAGGTACTTTAATTGGCGCAG,39.13,58.73,-5.12,-9.42,"(True, -0.22)",0.0,0.0,1,0.5,CTGCAGCACGGTTGTTTTGA,50.0,61.46,-6.95,-5.92,"(False, 0.0)",1.0,0.74,1,1.0,GCCATTTGTTGACGTAATTT,35.0,54.52,-7.59,-4.32,"(False, 0.0)",0.0,0.2,1,1.0,TGATCAATTGAACAGAACCA,35.0,54.26,-5.85,-6.58,"(False, 0.0)",0.0,0.1,1,1.0,232,71,1,76,33
Group_29,0.22,0.0,CTCAAACATTGGCTGAAGAT,40.0,55.42,-5.68,-4.82,"(False, 0.0)",0.7,0.49,1,1.0,ACAGATAACACTGGTAATGA,35.0,52.76,-4.85,-4.72,"(False, -0.42)",0.0,0.0,1,1.0,CTGGTAAAGGCCTTTCATCTAG,45.45,57.77,-5.62,-3.85,"(False, 0.24)",0.7,0.0,1,1.0,CATAACCTTGTGCATCGATAC,42.86,56.31,-4.35,-5.48,"(False, 0.0)",0.7,0.0,1,1.0,ATTTCTACACGGCGGTTTT,42.11,57.03,-4.82,-6.19,"(False, 0.0)",0.7,0.84,1,1.0,TTATTGTTTTGCATAGATG,26.32,47.67,-4.72,-4.48,"(False, 0.0)",0.0,0.0,1,1.0,187,76,30,67,3
Group_28,0.22,0.0,CTCAAACATTGGCTGAAGAT,40.0,55.42,-5.68,-4.82,"(False, 0.0)",0.7,0.49,1,1.0,ACAGATAACACTGGTAATGA,35.0,52.76,-4.85,-4.72,"(False, -0.42)",0.0,0.0,1,1.0,CTGGTAAAGGCCTTTCATCTAG,45.45,57.77,-5.62,-3.85,"(False, 0.24)",0.7,0.0,1,1.0,GTTAGAAGAACCATAACCTTGTG,39.13,56.72,-4.18,-5.72,"(False, 0.0)",0.0,0.0,1,1.0,ATTTCTACACGGCGGTTTT,42.11,57.03,-4.82,-6.19,"(False, 0.0)",0.7,0.84,1,1.0,TTATTGTTTTGCATAGATG,26.32,47.67,-4.72,-4.48,"(False, 0.0)",0.0,0.0,1,1.0,187,76,30,56,3
Group_2,0.22,1.0,GTTATTTCGACAGTGGTAGG,45.0,54.99,-3.95,-6.25,"(False, 0.0)",0.7,0.36,1,1.0,GCAGCAGTAGTATTATCTGG,45.0,54.53,-8.29,-6.25,"(False, 0.0)",0.7,0.2,1,1.0,ATTAGGTACTTTAATTGGCGCAG,39.13,58.73,-5.12,-9.42,"(True, -0.22)",0.0,0.0,1,0.5,GCTAGAGTTTGCACTTGATTTAG,39.13,57.35,-5.42,-4.09,"(False, 0.3)",0.0,0.0,1,1.0,TCTCTTTCTGGTCAAGGTAT,40.0,54.6,-5.05,-4.75,"(False, 0.0)",0.7,0.23,1,1.0,AGAACCATCTGGATTACGG,47.37,55.58,-5.95,-6.99,"(False, -0.13)",0.7,0.53,1,1.0,210,71,1,76,43
Group_16,0.21,1.0,GTTATTTCGACAGTGGTAGG,45.0,54.99,-3.95,-6.25,"(False, 0.0)",0.7,0.36,1,1.0,GCAGCAGTAGTATTATCTGG,45.0,54.53,-8.29,-6.25,"(False, 0.0)",0.7,0.2,1,1.0,ATAAAGCCGCATTAGGTACTTTA,34.78,57.32,-4.09,-4.19,"(False, -0.22)",0.0,0.0,1,1.0,TTTAGAAATACCATAACCAGCTG,34.78,55.91,-4.55,-6.95,"(False, 0.0)",0.0,0.0,1,1.0,TCTCTTTCTGGTCAAGGTAT,40.0,54.6,-5.05,-4.75,"(False, 0.0)",0.7,0.23,1,1.0,AGAACCATCTGGATTACGG,47.37,55.58,-5.95,-6.99,"(False, -0.13)",0.7,0.53,1,1.0,210,61,1,94,43
Group_15,0.21,1.0,GTTATTTCGACAGTGGTAGG,45.0,54.99,-3.95,-6.25,"(False, 0.0)",0.7,0.36,1,1.0,GCAGCAGTAGTATTATCTGG,45.0,54.53,-8.29,-6.25,"(False, 0.0)",0.7,0.2,1,1.0,ATAAAGCCGCATTAGGTACTTTA,34.78,57.32,-4.09,-4.19,"(False, -0.22)",0.0,0.0,1,1.0,GCTAGAGTTTGCACTTGATTTAG,39.13,57.35,-5.42,-4.09,"(False, 0.3)",0.0,0.0,1,1.0,TCTCTTTCTGGTCAAGGTAT,40.0,54.6,-5.05,-4.75,"(False, 0.0)",0.7,0.23,1,1.0,AGAACCATCTGGATTACGG,47.37,55.58,-5.95,-6.99,"(False, -0.13)",0.7,0.53,1,1.0,210,61,1,76,43
Group_30,0.2,1.0,ATCAAGCCAAACTTCTATGC,40.0,55.5,-5.22,-5.59,"(False, 0.05)",0.7,0.51,1,1.0,AACAAGAGCGCTATTTTAGT,35.0,54.46,-5.32,-4.19,"(False, 0.0)",0.0,0.18,1,1.0,CGTGCACAATCAGTTAAAAACTA,34.78,57.46,-8.58,-4.19,"(False, -0.2)",0.0,0.0,1,1.0,GTTAGAAGAACCATAACCTTGTG,39.13,56.72,-4.18,-5.72,"(False, 0.0)",0.0,0.0,1,1.0,ATTTCTACACGGCGGTTTT,42.11,57.03,-4.82,-6.19,"(False, 0.0)",0.7,0.84,1,1.0,TTATTGTTTTGCATAGATG,26.32,47.67,-4.72,-4.48,"(False, 0.0)",0.0,0.0,1,1.0,217,78,37,56,3
Group_26,0.2,0.67,CGTGCATTAGTTATTTCGAC,40.0,54.27,-8.58,-6.68,"(False, 0.0)",0.7,0.11,1,1.0,TGGTAGGGGCAGCAGTAGTA,55.0,61.45,-5.62,-3.08,"(False, 0.0)",1.0,0.99,0,1.0,TTGAATACGATAAAGCCGCATT,36.36,58.33,-5.45,-8.09,"(False, 0.0)",0.0,0.0,1,1.0,CTGCAGCACGGTTGTTTTGA,50.0,61.46,-6.95,-5.92,"(False, 0.0)",1.0,0.74,1,1.0,GCCATTTGTTGACGTAATTT,35.0,54.52,-7.59,-4.32,"(False, 0.0)",0.0,0.2,1,1.0,TGATCAATTGAACAGAACCA,35.0,54.26,-5.85,-6.58,"(False, 0.0)",0.0,0.1,1,1.0,240,60,2,76,33
Group_21,0.2,1.0,ATCAAGCCAAACTTCTATGC,40.0,55.5,-5.22,-5.59,"(False, 0.05)",0.7,0.51,1,1.0,AACAAGAGCGCTATTTTAGT,35.0,54.46,-5.32,-4.19,"(False, 0.0)",0.0,0.18,1,1.0,CGTGCACAATCAGTTAAAAACTA,34.78,57.46,-8.58,-4.19,"(False, -0.2)",0.0,0.0,1,1.0,CATAACCTTGTGCATCGATAC,42.86,56.31,-4.35,-5.48,"(False, 0.0)",0.7,0.0,1,1.0,ATTTCTACACGGCGGTTTT,42.11,57.03,-4.82,-6.19,"(False, 0.0)",0.7,0.84,1,1.0,TTATTGTTTTGCATAGATG,26.32,47.67,-4.72,-4.48,"(False, 0.0)",0.0,0.0,1,1.0,217,78,37,67,3
Group_19,0.2,0.67,GTTATTTCGACAGTGGTAGG,45.0,54.99,-3.95,-6.25,"(False, 0.0)",0.7,0.36,1,1.0,GCAGCAGTAGTATTATCTGG,45.0,54.53,-8.29,-6.25,"(False, 0.0)",0.7,0.2,1,1.0,ATAAAGCCGCATTAGGTACTTTA,34.78,57.32,-4.09,-4.19,"(False, -0.22)",0.0,0.0,1,1.0,CTGCAGCACGGTTGTTTTGA,50.0,61.46,-6.95,-5.92,"(False, 0.0)",1.0,0.74,1,1.0,GCCATTTGTTGACGTAATTT,35.0,54.52,-7.59,-4.32,"(False, 0.0)",0.0,0.2,1,1.0,TGATCAATTGAACAGAACCA,35.0,54.26,-5.85,-6.58,"(False, 0.0)",0.0,0.1,1,1.0,232,61,1,76,33
Group_9,0.2,0.67,GTTATTTCGACAGTGGTAGG,45.0,54.99,-3.95,-6.25,"(False, 0.0)",0.7,0.36,1,1.0,GCAGCAGTAGTATTATCTGG,45.0,54.53,-8.29,-6.25,"(False, 0.0)",0.7,0.2,1,1.0,CAGCTGGTTATGGTATTTCTAAA,34.78,55.91,-6.95,-4.55,"(False, 0.0)",0.0,0.0,1,1.0,CTGCAGCACGGTTGTTTTGA,50.0,61.46,-6.95,-5.92,"(False, 0.0)",1.0,0.74,1,1.0,GCCATTTGTTGACGTAATTT,35.0,54.52,-7.59,-4.32,"(False, 0.0)",0.0,0.2,1,1.0,TGATCAATTGAACAGAACCA,35.0,54.26,-5.85,-6.58,"(False, 0.0)",0.0,0.1,1,1.0,232,94,1,76,33
Group_12,0.2,1.0,ATCAAGCCAAACTTCTATGC,40.0,55.5,-5.22,-5.59,"(False, 0.05)",0.7,0.51,1,1.0,AACAAGAGCGCTATTTTAGT,35.0,54.46,-5.32,-4.19,"(False, 0.0)",0.0,0.18,1,1.0,CGTGCACAATCAGTTAAAAACTA,34.78,57.46,-8.58,-4.19,"(False, -0.2)",0.0,0.0,1,1.0,CATCGATACGGCTAGATGAAA,42.86,56.91,-6.98,-5.45,"(False, -0.51)",0.7,0.0,1,1.0,ATTTCTACACGGCGGTTTT,42.11,57.03,-4.82,-6.19,"(False, 0.0)",0.7,0.84,1,1.0,TTATTGTTTTGCATAGATG,26.32,47.67,-4.72,-4.48,"(False, 0.0)",0.0,0.0,1,1.0,217,78,37,79,3
Group_1,0.17,1.0,AATTGGTGCAGTTCTTGG,44.44,54.7,-6.49,-6.72,"(False, 0.0)",0.7,0.26,1,1.0,AAATTACGTCAACAAATGGC,35.0,54.52,-4.32,-7.59,"(False, 0.0)",0.0,0.2,1,1.0,GCAGCATTACTTTTGATACAAAC,34.78,56.53,-8.29,-5.18,"(False, 0.0)",0.0,0.0,1,1.0,GCATAGAAGTTTGGCTTGATATT,34.78,56.82,-5.59,-3.85,"(False, -0.04)",0.0,0.0,1,1.0,GTTATCTGTATAACCAGTGACT,36.36,54.27,-3.95,-4.95,"(True, -0.46)",0.0,0.11,1,0.5,TTTTTAACTGATTGTGCACG,35.0,54.47,-4.79,-8.58,"(False, 0.0)",0.0,0.18,1,1.0,206,79,37,76,39
Group_6,0.17,0.67,GTTATTTCGACAGTGGTAGG,45.0,54.99,-3.95,-6.25,"(False, 0.0)",0.7,0.36,1,1.0,GCAGCAGTAGTATTATCTGG,45.0,54.53,-8.29,-6.25,"(False, 0.0)",0.7,0.2,1,1.0,ATTAGGTACTTTAATTGGCGCAG,39.13,58.73,-5.12,-9.42,"(True, -0.22)",0.0,0.0,1,0.5,TTGTTTTGACGGCTAGAGTTT,38.1,57.57,-5.55,-4.92,"(False, 0.0)",0.0,0.0,1,1.0,GCCATTTGTTGACGTAATTT,35.0,54.52,-7.59,-4.32,"(False, 0.0)",0.0,0.2,1,1.0,TGATCAATTGAACAGAACCA,35.0,54.26,-5.85,-6.58,"(False, 0.0)",0.0,0.1,1,1.0,232,71,1,87,33
Group_14,0.16,1.0,ACAAATCAAATATCAAGCCA,30.0,52.47,-5.09,-7.82,"(False, 0.0)",0.0,0.0,1,1.0,TTGGCTGAAGATAACAAGAG,40.0,54.47,-7.82,-5.45,"(False, 0.0)",0.7,0.18,1,1.0,TTATCTCAATCACGTGCACAATC,39.13,58.97,-4.08,-5.08,"(False, 0.0)",0.0,0.0,1,1.0,CATCGATACGGCTAGATGAAA,42.86,56.91,-6.98,-5.45,"(False, -0.51)",0.7,0.0,1,1.0,ATTTCTACACGGCGGTTTT,42.11,57.03,-4.82,-6.19,"(False, 0.0)",0.7,0.84,1,1.0,TTATTGTTTTGCATAGATG,26.32,47.67,-4.72,-4.48,"(False, 0.0)",0.0,0.0,1,1.0,229,78,36,79,3
Group_24,0.16,1.0,ACAAATCAAATATCAAGCCA,30.0,52.47,-5.09,-7.82,"(False, 0.0)",0.0,0.0,1,1.0,TTGGCTGAAGATAACAAGAG,40.0,54.47,-7.82,-5.45,"(False, 0.0)",0.7,0.18,1,1.0,TTATCTCAATCACGTGCACAATC,39.13,58.97,-4.08,-5.08,"(False, 0.0)",0.0,0.0,1,1.0,CATAACCTTGTGCATCGATAC,42.86,56.31,-4.35,-5.48,"(False, 0.0)",0.7,0.0,1,1.0,ATTTCTACACGGCGGTTTT,42.11,57.03,-4.82,-6.19,"(False, 0.0)",0.7,0.84,1,1.0,TTATTGTTTTGCATAGATG,26.32,47.67,-4.72,-4.48,"(False, 0.0)",0.0,0.0,1,1.0,229,78,36,67,3
Group_11,0.15,0.67,GTTATTTCGACAGTGGTAGG,45.0,54.99,-3.95,-6.25,"(False, 0.0)",0.7,0.36,1,1.0,TAATAATCTTGGTGGCGTTG,40.0,55.22,-3.59,-8.19,"(False, 0.0)",0.7,0.43,1,1.0,CTAAATCAAGTGCAAACTCTAGC,39.13,57.35,-4.09,-5.42,"(False, 0.0)",0.0,0.0,1,1.0,CTGCAGCACGGTTGTTTTGA,50.0,61.46,-6.95,-5.92,"(False, 0.0)",1.0,0.74,1,1.0,GCCATTTGTTGACGTAATTT,35.0,54.52,-7.59,-4.32,"(False, 0.0)",0.0,0.2,1,1.0,TGATCAATTGAACAGAACCA,35.0,54.26,-5.85,-6.58,"(False, 0.0)",0.0,0.1,1,1.0,197,77,36,76,33
Group_17,0.15,0.67,GTTATTTCGACAGTGGTAGG,45.0,54.99,-3.95,-6.25,"(False, 0.0)",0.7,0.36,1,1.0,GCAGCAGTAGTATTATCTGG,45.0,54.53,-8.29,-6.25,"(False, 0.0)",0.7,0.2,1,1.0,ATAAAGCCGCATTAGGTACTTTA,34.78,57.32,-4.09,-4.19,"(False, -0.22)",0.0,0.0,1,1.0,TTGTTTTGACGGCTAGAGTTT,38.1,57.57,-5.55,-4.92,"(False, 0.0)",0.0,0.0,1,1.0,GCCATTTGTTGACGTAATTT,35.0,54.52,-7.59,-4.32,"(False, 0.0)",0.0,0.2,1,1.0,TGATCAATTGAACAGAACCA,35.0,54.26,-5.85,-6.58,"(False, 0.0)",0.0,0.1,1,1.0,232,61,1,87,33
Group_5,0.15,0.67,GTTATTTCGACAGTGGTAGG,45.0,54.99,-3.95,-6.25,"(False, 0.0)",0.7,0.36,1,1.0,GCAGCAGTAGTATTATCTGG,45.0,54.53,-8.29,-6.25,"(False, 0.0)",0.7,0.2,1,1.0,CAGCTGGTTATGGTATTTCTAAA,34.78,55.91,-6.95,-4.55,"(False, 0.0)",0.0,0.0,1,1.0,TTGTTTTGACGGCTAGAGTTT,38.1,57.57,-5.55,-4.92,"(False, 0.0)",0.0,0.0,1,1.0,GCCATTTGTTGACGTAATTT,35.0,54.52,-7.59,-4.32,"(False, 0.0)",0.0,0.2,1,1.0,TGATCAATTGAACAGAACCA,35.0,54.26,-5.85,-6.58,"(False, 0.0)",0.0,0.1,1,1.0,232,94,1,87,33
Group_25,0.15,0.67,CGTGCATTAGTTATTTCGAC,40.0,54.27,-8.58,-6.68,"(False, 0.0)",0.7,0.11,1,1.0,TGGTAGGGGCAGCAGTAGTA,55.0,61.45,-5.62,-3.08,"(False, 0.0)",1.0,0.99,0,1.0,TTGAATACGATAAAGCCGCATT,36.36,58.33,-5.45,-8.09,"(False, 0.0)",0.0,0.0,1,1.0,TTGTTTTGACGGCTAGAGTTT,38.1,57.57,-5.55,-4.92,"(False, 0.0)",0.0,0.0,1,1.0,GCCATTTGTTGACGTAATTT,35.0,54.52,-7.59,-4.32,"(False, 0.0)",0.0,0.2,1,1.0,TGATCAATTGAACAGAACCA,35.0,54.26,-5.85,-6.58,"(False, 0.0)",0.0,0.1,1,1.0,240,60,2,87,33
Group_3,0.14,0.67,AAATTACGTCAACAAATGGC,35.0,54.52,-4.32,-7.59,"(False, 0.0)",0.0,0.2,1,1.0,TGGTTCTGTTCAATTGATCA,35.0,54.26,-6.58,-5.85,"(False, 0.0)",0.0,0.1,1,1.0,TAGACAAAGTAGCTCAAACATTG,34.78,56.38,-4.58,-5.48,"(False, 0.42)",0.0,0.0,1,1.0,AAAATAGCGCTCTTGTTATCTTC,34.78,56.83,-4.32,-4.82,"(False, 0.0)",0.0,0.0,1,1.0,TTTTTAACTGATTGTGCACG,35.0,54.47,-4.79,-8.58,"(False, 0.0)",0.0,0.18,1,1.0,ATAACCTTGTGCATCGATAC,40.0,54.72,-4.99,-5.48,"(False, 0.0)",0.7,0.27,1,1.0,212,83,33,81,32
Group_4,0.14,0.0,ATCAAGCCAAACTTCTATGC,40.0,55.5,-5.22,-5.59,"(False, 0.05)",0.7,0.51,1,1.0,AACAAGAGCGCTATTTTAGT,35.0,54.46,-5.32,-4.19,"(False, 0.0)",0.0,0.18,1,1.0,CGTGCACAATCAGTTAAAAACTA,34.78,57.46,-8.58,-4.19,"(False, -0.2)",0.0,0.0,1,1.0,CTAGATGAAAGGCCTTTACCAG,45.45,57.77,-3.85,-5.62,"(False, 0.33)",0.7,0.0,0,1.0,TTTTGTTCACGGCCAGAC,50.0,57.46,-5.55,-6.35,"(False, 0.0)",1.0,0.91,1,1.0,TAGATGCTGATTTCTACACG,40.0,54.09,-4.48,-5.98,"(True, 0.0)",0.7,0.04,1,0.5,202,78,37,75,4
Group_18,0.13,0.33,ACTTCTATGCAACTTTAGACA,33.33,54.04,-4.68,-4.58,"(True, 0.0)",0.0,0.02,1,0.5,CGCTATTTTAGTCACTGGTT,40.0,54.87,-6.72,-6.35,"(False, 0.0)",0.7,0.32,1,1.0,AAAACTATTTAGCTGGTAAAGGC,34.78,56.68,-4.92,-7.42,"(True, 0.24)",0.0,0.0,1,0.5,CATAACCTTGTGCATCGATAC,42.86,56.31,-4.35,-5.48,"(False, 0.0)",0.7,0.0,1,1.0,ATTTCTACACGGCGGTTTT,42.11,57.03,-4.82,-6.19,"(False, 0.0)",0.7,0.84,1,1.0,TTATTGTTTTGCATAGATG,26.32,47.67,-4.72,-4.48,"(False, 0.0)",0.0,0.0,1,1.0,209,86,34,67,3
Group_20,0.13,0.33,ACTTCTATGCAACTTTAGACA,33.33,54.04,-4.68,-4.58,"(True, 0.0)",0.0,0.02,1,0.5,CGCTATTTTAGTCACTGGTT,40.0,54.87,-6.72,-6.35,"(False, 0.0)",0.7,0.32,1,1.0,AAAACTATTTAGCTGGTAAAGGC,34.78,56.68,-4.92,-7.42,"(True, 0.24)",0.0,0.0,1,0.5,CATCGATACGGCTAGATGAAA,42.86,56.91,-6.98,-5.45,"(False, -0.51)",0.7,0.0,1,1.0,ATTTCTACACGGCGGTTTT,42.11,57.03,-4.82,-6.19,"(False, 0.0)",0.7,0.84,1,1.0,TTATTGTTTTGCATAGATG,26.32,47.67,-4.72,-4.48,"(False, 0.0)",0.0,0.0,1,1.0,209,86,34,79,3
Group_13,0.13,0.67,AAACTCTAGCCGTCAAAAC,42.11,54.78,-4.92,-5.55,"(False, 0.0)",0.7,0.29,1,1.0,GCTGCTGGTGGTGTATAC,55.56,56.77,-7.65,-2.85,"(False, 0.0)",1.0,0.8,0,1.0,GCCGTAATCCAGATGGTTCT,50.0,59.02,-8.09,-5.95,"(False, 0.05)",1.0,0.01,1,1.0,CTGCCAGGCATGATCAATTGAA,45.45,61.14,-8.22,-5.45,"(False, -0.07)",0.7,0.67,1,1.0,CTCTTGTTATCTTCAGCCAA,40.0,54.47,-5.45,-7.82,"(False, 0.0)",0.7,0.18,1,1.0,TGATTGAGTCATTACCAGTG,40.0,54.18,-5.85,-6.75,"(False, 0.0)",0.7,0.07,1,1.0,211,76,33,93,30
Group_23,0.12,1.0,CGTGCATTAGTTATTTCGAC,40.0,54.27,-8.58,-6.68,"(False, 0.0)",0.7,0.11,1,1.0,TGGTAGGGGCAGCAGTAGTA,55.0,61.45,-5.62,-3.08,"(False, 0.0)",1.0,0.99,0,1.0,TTGAATACGATAAAGCCGCATT,36.36,58.33,-5.45,-8.09,"(False, 0.0)",0.0,0.0,1,1.0,TTTAGAAATACCATAACCAGCTG,34.78,55.91,-4.55,-6.95,"(False, 0.0)",0.0,0.0,1,1.0,TCTCTTTCTGGTCAAGGTAT,40.0,54.6,-5.05,-4.75,"(False, 0.0)",0.7,0.23,1,1.0,AGAACCATCTGGATTACGG,47.37,55.58,-5.95,-6.99,"(False, -0.13)",0.7,0.53,1,1.0,218,60,2,94,43
Group_22,0.12,1.0,CGTGCATTAGTTATTTCGAC,40.0,54.27,-8.58,-6.68,"(False, 0.0)",0.7,0.11,1,1.0,TGGTAGGGGCAGCAGTAGTA,55.0,61.45,-5.62,-3.08,"(False, 0.0)",1.0,0.99,0,1.0,TTGAATACGATAAAGCCGCATT,36.36,58.33,-5.45,-8.09,"(False, 0.0)",0.0,0.0,1,1.0,GCTAGAGTTTGCACTTGATTTAG,39.13,57.35,-5.42,-4.09,"(False, 0.3)",0.0,0.0,1,1.0,TCTCTTTCTGGTCAAGGTAT,40.0,54.6,-5.05,-4.75,"(False, 0.0)",0.7,0.23,1,1.0,AGAACCATCTGGATTACGG,47.37,55.58,-5.95,-6.99,"(False, -0.13)",0.7,0.53,1,1.0,218,60,2,76,43
Group_31,0.11,1.0,ACAAATCAAATATCAAGCCA,30.0,52.47,-5.09,-7.82,"(False, 0.0)",0.0,0.0,1,1.0,TTGGCTGAAGATAACAAGAG,40.0,54.47,-7.82,-5.45,"(False, 0.0)",0.7,0.18,1,1.0,TTATCTCAATCACGTGCACAATC,39.13,58.97,-4.08,-5.08,"(False, 0.0)",0.0,0.0,1,1.0,GTTAGAAGAACCATAACCTTGTG,39.13,56.72,-4.18,-5.72,"(False, 0.0)",0.0,0.0,1,1.0,ATTTCTACACGGCGGTTTT,42.11,57.03,-4.82,-6.19,"(False, 0.0)",0.7,0.84,1,1.0,TTATTGTTTTGCATAGATG,26.32,47.67,-4.72,-4.48,"(False, 0.0)",0.0,0.0,1,1.0,229,78,36,56,3
Group_8,0.09,0.0,ACAAATCAAATATCAAGCCA,30.0,52.47,-5.09,-7.82,"(False, 0.0)",0.0,0.0,1,1.0,TTGGCTGAAGATAACAAGAG,40.0,54.47,-7.82,-5.45,"(False, 0.0)",0.7,0.18,1,1.0,TTATCTCAATCACGTGCACAATC,39.13,58.97,-4.08,-5.08,"(False, 0.0)",0.0,0.0,1,1.0,CTAGATGAAAGGCCTTTACCAG,45.45,57.77,-3.85,-5.62,"(False, 0.33)",0.7,0.0,0,1.0,TTTTGTTCACGGCCAGAC,50.0,57.46,-5.55,-6.35,"(False, 0.0)",1.0,0.91,1,1.0,TAGATGCTGATTTCTACACG,40.0,54.09,-4.48,-5.98,"(True, 0.0)",0.7,0.04,1,0.5,214,78,36,75,4
Group_27,0.07,0.33,ACTTCTATGCAACTTTAGACA,33.33,54.04,-4.68,-4.58,"(True, 0.0)",0.0,0.02,1,0.5,CGCTATTTTAGTCACTGGTT,40.0,54.87,-6.72,-6.35,"(False, 0.0)",0.7,0.32,1,1.0,AAAACTATTTAGCTGGTAAAGGC,34.78,56.68,-4.92,-7.42,"(True, 0.24)",0.0,0.0,1,0.5,GTTAGAAGAACCATAACCTTGTG,39.13,56.72,-4.18,-5.72,"(False, 0.0)",0.0,0.0,1,1.0,ATTTCTACACGGCGGTTTT,42.11,57.03,-4.82,-6.19,"(False, 0.0)",0.7,0.84,1,1.0,TTATTGTTTTGCATAGATG,26.32,47.67,-4.72,-4.48,"(False, 0.0)",0.0,0.0,1,1.0,209,86,34,56,3
Group_7,0.05,1.0,ACAAATCAAATATCAAGCCA,30.0,52.47,-5.09,-7.82,"(False, 0.0)",0.0,0.0,1,1.0,TTGGCTGAAGATAACAAGAG,40.0,54.47,-7.82,-5.45,"(False, 0.0)",0.7,0.18,1,1.0,TTATCTCAATCACGTGCACAATC,39.13,58.97,-4.08,-5.08,"(False, 0.0)",0.0,0.0,1,1.0,GCCTTTACCAGCTAAATAGTTTT,34.78,56.68,-7.42,-4.92,"(True, 0.0)",0.0,0.0,1,0.5,TTTTGTTCACGGCCAGAC,50.0,57.46,-5.55,-6.35,"(False, 0.0)",1.0,0.91,1,1.0,TAGATGCTGATTTCTACACG,40.0,54.09,-4.48,-5.98,"(True, 0.0)",0.7,0.04,1,0.5,214,78,36,86,4
